﻿<?xml version="1.0" encoding="utf-8" standalone="yes"?>
<language>
  <charsets>
    <gui unicodefont="false">CP1251</gui>
    <subtitle>CP1251</subtitle>
  </charsets>
  <dvd>
    <menu>en</menu>
    <audio>en</audio>
    <subtitle>en</subtitle>
  </dvd>
  <regions>
    <region>
      <dateshort>DD/MM/YYYY</dateshort>
      <datelong>DDDD, D MMMM YYYY</datelong>
      <time symbolAM="" symbolPM="">H:mm:ss</time>
      <tempunit>C</tempunit>
      <speedunit>kmh</speedunit>
    </region>
  </regions>
</language>