<?xml version="1.0" encoding="ISO-8859-1" standalone="yes"?>
<strings>
	
<string id="31000">
[B]Skin developer: [/B]Jeroen[CR][CR]
[B]Translators:[/B][CR]
Danish: snuggidk[CR]
French: Modhack[CR]
German: NOOK360 / Oli[CR]
Norwegian: SandmanCL[CR]
Portuguese: xbs08[CR]
Swedish: shizzle[CR]
[CR][B]Thanks:[/B] Team-XBMC, all plugin, script and skin developers and anyone contributing in whatever way to making xbmc so great. And YOU, for using Focus.[CR]
[CR]Default wallpaper created by Adam Moore, used with permission. Visit elusive.deviantart.com for his portfolio.
[CR]This skin uses icons from and icons based on the Tango! Desktop Project (http://tango.freedesktop.org)
</string>

<string id="31003">Show LastFM Information in Music Playlist</string>
	
<string id="31006">Accessories</string>

<string id="31010">Pictures</string>	
<string id="31011">Apple Movie Trailers</string>
<string id="31012">Video Playlist</string>
<string id="31013">Exit</string>

<string id="31015">Info Settings</string>
<string id="31016">Fanart</string>
<string id="31017">Manage Profiles</string>	
<string id="31018">Custom</string>
<string id="31019">Thumb</string>
<string id="31020">Backgrounds</string>
<string id="31021">Profile Settings</string>
<string id="31022">Viewtypes</string>
<string id="31023">Show Mini Video Window</string>
<string id="31024">Enable Custom Background</string>	
<string id="31025">Use Media Overlays</string>
<string id="31026">Show Plot in Wide Icons View</string>
<string id="31027">Use Now Playing Screens</string>
<string id="31028">Display Playing Video in Background</string>
<string id="31029">Display Visualisation in Background</string>
<string id="31030">Choose Custom Background</string>
<string id="31031">Reset Custom Background</string>
<string id="31032">Use Single Background in all Screens</string>
<string id="31033">Appearance settings</string>
<string id="31034">Use Default</string>

<string id="31908">Backgrounds</string>
<string id="31909">Skin Credits</string>

<string id="31069">Video settings</string>
<string id="31007">Programs settings</string>
<string id="31900">Music settings</string>
<string id="31901">Pictures settings</string>
<string id="31902">Network settings</string>
<string id="31903">Weather settings</string>
<string id="31904">System settings</string>
<string id="31905">Update XBMC</string>
<string id="31906">Please Wait...</string>

<string id="31911">Shutdown in 30 min.</string>
<string id="31912">Shutdown in 60 min.</string>
<string id="31913">Shutdown in 120 min.</string>
<string id="31914">Plugins</string>
<string id="31915">Fanart</string>
<string id="31916">Custom Timer</string>
<string id="31917">Use Smooth Scrolling in Lists</string>
<string id="31918">Show Plot in TV Shows List View</string>
<string id="31919">Show Plot in Episode List View (when idle)</string>
<string id="31920">Show Plot in Movies List View (when idle)</string>

<string id="31922">Watched State Overlays for Movies</string>
<string id="31923">Watched State Overlays for TV Show Seasons</string>
<string id="31924">Watched State Overlays for TV Show Episodes</string>

<string id="31927">Enable Timer Options in Shutdown Menu</string>
<string id="31928">Use Custom Background Folder</string>
<string id="31929">Enable Global Fanart</string>
<string id="31930">Dim Fanart Images</string>
<string id="31931">Trailer Available</string>
<string id="31933">Enable Dedicated Fanart View</string>

<string id="31040">PAUSED</string>
<string id="31041">FWD 2X</string>
<string id="31042">FWD 4X</string>
<string id="31043">FWD 8X</string>
<string id="31044">FWD 16X</string>
<string id="31045">FWD 32X</string>
<string id="31046">RWD 2X</string>
<string id="31047">RWD 4X</string>
<string id="31048">RWD 8X</string>
<string id="31049">RWD 16X</string>
<string id="31050">RWD 32X</string>
<string id="31051">PLAYING</string>
	
<string id="31064">High</string>
<string id="31065">Low</string>
<string id="31066">Muted</string>
<string id="31067">Use Fanart Colours (when available)</string>
<string id="31068">Finish Time: $INFO[Player.FinishTime]</string>
<string id="31070">General</string>
<string id="31071">Background</string>

<string id="31077">$INFO[MusicPlayer.offset(1).Title,[COLOR=sublabel-text]Next track: [/COLOR],]$INFO[MusicPlayer.offset(1).Artist, [COLOR=sublabel-text]by [/COLOR],]</string>
<string id="31078">[COLOR=sublabel-text]Playing [/COLOR]$INFO[MusicPlayer.Title] [COLOR=sublabel-text]by [/COLOR]$INFO[MusicPlayer.Artist] [COLOR=sublabel-text]from the album [/COLOR]$INFO[MusicPlayer.Album]</string>
<string id="31079">[COLOR=sublabel-text]Playing [/COLOR]$INFO[VideoPlayer.Title]</string>
<string id="31080">[COLOR=sublabel-text]Playing [/COLOR]$INFO[VideoPlayer.Title] [COLOR=sublabel-text]from the TV show[/COLOR] $INFO[VideoPlayer.TVShowTitle]</string>
<string id="31081">[COLOR=sublabel-text]Playing [/COLOR]$INFO[VideoPlayer.Title] [COLOR=sublabel-text]by [/COLOR]$INFO[VideoPlayer.Artist] [COLOR=sublabel-text]</string>
<string id="31082">[COLOR=sublabel-text]Status: [/COLOR]$INFO[AudioScrobbler.ConnectState ] [COLOR=sublabel-text]Submit in: [/COLOR]$INFO[AudioScrobbler.SubmitState] [COLOR=sublabel-text]$INFO[AudioScrobbler.FilesCached][/COLOR]</string>
	
<string id="31083">by</string>
<string id="31084">Viewtypes</string>
<string id="31085">$INFO[ListItem.Season ,$LOCALIZE[20373] ] - $INFO[ListItem.Episode ,$LOCALIZE[20359] ]</string>
<string id="31086">Files</string>
<string id="31087">season</string>
<string id="31088">episode</string>
<string id="31089">First aired:</string>
	
</strings>
